Number,Size,Style
3,YL,Current_EPD_Logo
6,YL,Current_EPD_Logo
12,YL,Current_EPD_Logo
13,YL,Current_EPD_Logo
19,YL,Current_EPD_Logo
21,YL,Current_EPD_Logo
24,YL,Current_EPD_Logo
25,YL,Current_EPD_Logo
27,YL,Current_EPD_Logo
29,YL,Current_EPD_Logo
34,YL,Current_EPD_Logo
35,YL,Current_EPD_Logo
39,YL,Current_EPD_Logo
2,AS,Current_EPD_Logo
4,AS,Current_EPD_Logo
8,AS,Current_EPD_Logo
10,AS,Current_EPD_Logo
11,AS,Current_EPD_Logo
14,AS,Current_EPD_Logo
16,AS,Current_EPD_Logo
17,AS,Current_EPD_Logo
20,AS,Current_EPD_Logo
23,AS,Current_EPD_Logo
26,AS,Current_EPD_Logo
28,AS,Current_EPD_Logo
30,AS,Current_EPD_Logo
33,AS,Current_EPD_Logo
36,AS,Current_EPD_Logo
40,AS,Current_EPD_Logo
42,AS,Current_EPD_Logo
43,AS,Current_EPD_Logo
5,AM,Current_EPD_Logo
